pgp_id,phase,priority,n_scores,target_pgs_ids,status,attempts,n_annotated,n_verified,last_error,claimed_at,updated_at
PGP000001,explore,0,3,PGS000001,pending,0,0,0,,,
PGP000004,explore,0,1,PGS000011,pending,0,0,0,,,
PGP000006,explore,0,5,PGS000014,pending,0,0,0,,,
PGP000011,explore,0,1,PGS000021,pending,0,0,0,,,
PGP000015,explore,0,1,PGS000025,pending,0,0,0,,,
PGP000020,explore,0,3,PGS000033,pending,0,0,0,,,
PGP000045,explore,0,4,PGS000060,pending,0,0,0,,,
PGP000046,explore,0,3,PGS000065,pending,0,0,0,,,
PGP000064,explore,0,6,PGS000127,pending,0,0,0,,,
PGP000084,explore,0,6,PGS000205,pending,0,0,0,,,
PGP000092,explore,0,19,PGS000297;PGS000303,pending,0,0,0,,,
PGP000095,explore,0,2,PGS000318;PGS000319,pending,0,0,0,,,
PGP000097,explore,0,3,PGS000322;PGS000323,pending,0,0,0,,,
PGP000103,explore,0,1,PGS000336,pending,0,0,0,,,
PGP000128,explore,0,46,PGS000688,pending,0,0,0,,,
PGP000134,explore,0,1,PGS000718,pending,0,0,0,,,
PGP000176,explore,0,1,PGS000769,pending,0,0,0,,,
PGP000210,explore,0,8,PGS000829;PGS000830,pending,0,0,0,,,
PGP000211,explore,0,33,PGS000834;PGS000848;PGS000852,pending,0,0,0,,,
PGP000233,explore,0,2,PGS000900;PGS000901,pending,0,0,0,,,
PGP000237,explore,0,1,PGS000906,pending,0,0,0,,,
PGP000244,explore,0,779,PGS000991;PGS001001;PGS001007;PGS001055;PGS001072;PGS001087;PGS001092;PGS001093;PGS001098;PGS001111;PGS001127;PGS001129;PGS001141;PGS001244;PGS001247;PGS001393,pending,0,0,0,,,
PGP000263,explore,0,430,PGS001885;PGS001896;PGS001897;PGS001937;PGS001987,pending,0,0,0,,,
PGP000332,explore,0,415,PGS002314,pending,0,0,0,,,
PGP000337,explore,0,1,PGS002730,pending,0,0,0,,,
PGP000378,explore,0,1,PGS002795,pending,0,0,0,,,
PGP000393,explore,0,514,PGS003289,pending,0,0,0,,,
PGP000735,explore,0,9,PGS005221;PGS005222;PGS005226;PGS005228,pending,0,0,0,,,
PGP000039,main,1,2,,pending,0,0,0,,,
PGP000050,main,1,16,,pending,0,0,0,,,
PGP000068,main,1,8,,pending,0,0,0,,,
PGP000101,main,1,1,,pending,0,0,0,,,
PGP000119,main,1,2,,pending,0,0,0,,,
PGP000186,main,1,16,,pending,0,0,0,,,
PGP000215,main,1,1,,pending,0,0,0,,,
PGP000295,main,1,1,,pending,0,0,0,,,
PGP000316,main,1,1,,pending,0,0,0,,,
PGP000457,main,1,84,,pending,0,0,0,,,
PGP000459,main,1,1,,pending,0,0,0,,,
PGP000480,main,1,1,,pending,0,0,0,,,
PGP000518,main,1,2,,pending,0,0,0,,,
PGP000542,main,1,11,,pending,0,0,0,,,
PGP000649,main,1,1,,pending,0,0,0,,,
PGP000680,main,1,4,,pending,0,0,0,,,
PGP000003,main,2,1,,pending,0,0,0,,,
PGP000005,main,2,1,,pending,0,0,0,,,
PGP000007,main,2,1,,pending,0,0,0,,,
PGP000009,main,2,1,,pending,0,0,0,,,
PGP000010,main,2,1,,pending,0,0,0,,,
PGP000012,main,2,1,,pending,0,0,0,,,
PGP000013,main,2,1,,pending,0,0,0,,,
PGP000014,main,2,1,,pending,0,0,0,,,
PGP000016,main,2,1,,pending,0,0,0,,,
PGP000017,main,2,1,,pending,0,0,0,,,
PGP000018,main,2,2,,pending,0,0,0,,,
PGP000019,main,2,1,,pending,0,0,0,,,
PGP000021,main,2,1,,pending,0,0,0,,,
PGP000022,main,2,1,,pending,0,0,0,,,
PGP000023,main,2,1,,pending,0,0,0,,,
PGP000025,main,2,1,,pending,0,0,0,,,
PGP000026,main,2,1,,pending,0,0,0,,,
PGP000027,main,2,1,,pending,0,0,0,,,
PGP000028,main,2,1,,pending,0,0,0,,,
PGP000029,main,2,2,,pending,0,0,0,,,
PGP000030,main,2,1,,pending,0,0,0,,,
PGP000031,main,2,1,,pending,0,0,0,,,
PGP000033,main,2,4,,pending,0,0,0,,,
PGP000034,main,2,1,,pending,0,0,0,,,
PGP000035,main,2,1,,pending,0,0,0,,,
PGP000036,main,2,1,,pending,0,0,0,,,
PGP000037,main,2,1,,pending,0,0,0,,,
PGP000040,main,2,1,,pending,0,0,0,,,
PGP000041,main,2,1,,pending,0,0,0,,,
PGP000042,main,2,1,,pending,0,0,0,,,
PGP000043,main,2,1,,pending,0,0,0,,,
PGP000044,main,2,1,,pending,0,0,0,,,
PGP000047,main,2,1,,pending,0,0,0,,,
PGP000048,main,2,2,,pending,0,0,0,,,
PGP000049,main,2,1,,pending,0,0,0,,,
PGP000052,main,2,4,,pending,0,0,0,,,
PGP000053,main,2,1,,pending,0,0,0,,,
PGP000054,main,2,2,,pending,0,0,0,,,
PGP000055,main,2,3,,pending,0,0,0,,,
PGP000056,main,2,2,,pending,0,0,0,,,
PGP000059,main,2,1,,pending,0,0,0,,,
PGP000061,main,2,1,,pending,0,0,0,,,
PGP000062,main,2,1,,pending,0,0,0,,,
PGP000063,main,2,1,,pending,0,0,0,,,
PGP000065,main,2,4,,pending,0,0,0,,,
PGP000066,main,2,1,,pending,0,0,0,,,
PGP000069,main,2,1,,pending,0,0,0,,,
PGP000070,main,2,1,,pending,0,0,0,,,
PGP000071,main,2,1,,pending,0,0,0,,,
PGP000072,main,2,1,,pending,0,0,0,,,
PGP000073,main,2,1,,pending,0,0,0,,,
PGP000074,main,2,1,,pending,0,0,0,,,
PGP000079,main,2,1,,pending,0,0,0,,,
PGP000080,main,2,1,,pending,0,0,0,,,
PGP000082,main,2,1,,pending,0,0,0,,,
PGP000085,main,2,3,,pending,0,0,0,,,
PGP000086,main,2,1,,pending,0,0,0,,,
PGP000087,main,2,1,,pending,0,0,0,,,
PGP000088,main,2,5,,pending,0,0,0,,,
PGP000090,main,2,1,,pending,0,0,0,,,
PGP000093,main,2,1,,pending,0,0,0,,,
PGP000094,main,2,1,,pending,0,0,0,,,
PGP000096,main,2,1,,pending,0,0,0,,,
PGP000098,main,2,1,,pending,0,0,0,,,
PGP000099,main,2,1,,pending,0,0,0,,,
PGP000100,main,2,5,,pending,0,0,0,,,
PGP000102,main,2,1,,pending,0,0,0,,,
PGP000104,main,2,1,,pending,0,0,0,,,
PGP000105,main,2,1,,pending,0,0,0,,,
PGP000106,main,2,1,,pending,0,0,0,,,
PGP000107,main,2,1,,pending,0,0,0,,,
PGP000110,main,2,1,,pending,0,0,0,,,
PGP000111,main,2,2,,pending,0,0,0,,,
PGP000112,main,2,4,,pending,0,0,0,,,
PGP000113,main,2,1,,pending,0,0,0,,,
PGP000114,main,2,1,,pending,0,0,0,,,
PGP000115,main,2,1,,pending,0,0,0,,,
PGP000117,main,2,2,,pending,0,0,0,,,
PGP000120,main,2,1,,pending,0,0,0,,,
PGP000121,main,2,4,,pending,0,0,0,,,
PGP000122,main,2,1,,pending,0,0,0,,,
PGP000123,main,2,1,,pending,0,0,0,,,
PGP000124,main,2,1,,pending,0,0,0,,,
PGP000125,main,2,1,,pending,0,0,0,,,
PGP000126,main,2,1,,pending,0,0,0,,,
PGP000127,main,2,1,,pending,0,0,0,,,
PGP000130,main,2,1,,pending,0,0,0,,,
PGP000132,main,2,2,,pending,0,0,0,,,
PGP000136,main,2,1,,pending,0,0,0,,,
PGP000137,main,2,3,,pending,0,0,0,,,
PGP000138,main,2,3,,pending,0,0,0,,,
PGP000139,main,2,1,,pending,0,0,0,,,
PGP000142,main,2,1,,pending,0,0,0,,,
PGP000144,main,2,3,,pending,0,0,0,,,
PGP000145,main,2,1,,pending,0,0,0,,,
PGP000146,main,2,1,,pending,0,0,0,,,
PGP000148,main,2,1,,pending,0,0,0,,,
PGP000149,main,2,1,,pending,0,0,0,,,
PGP000150,main,2,1,,pending,0,0,0,,,
PGP000151,main,2,3,,pending,0,0,0,,,
PGP000152,main,2,4,,pending,0,0,0,,,
PGP000155,main,2,1,,pending,0,0,0,,,
PGP000156,main,2,1,,pending,0,0,0,,,
PGP000157,main,2,1,,pending,0,0,0,,,
PGP000159,main,2,1,,pending,0,0,0,,,
PGP000160,main,2,1,,pending,0,0,0,,,
PGP000161,main,2,1,,pending,0,0,0,,,
PGP000162,main,2,2,,pending,0,0,0,,,
PGP000163,main,2,1,,pending,0,0,0,,,
PGP000164,main,2,3,,pending,0,0,0,,,
PGP000165,main,2,2,,pending,0,0,0,,,
PGP000169,main,2,1,,pending,0,0,0,,,
PGP000170,main,2,1,,pending,0,0,0,,,
PGP000172,main,2,1,,pending,0,0,0,,,
PGP000174,main,2,1,,pending,0,0,0,,,
PGP000175,main,2,1,,pending,0,0,0,,,
PGP000177,main,2,1,,pending,0,0,0,,,
PGP000178,main,2,2,,pending,0,0,0,,,
PGP000179,main,2,3,,pending,0,0,0,,,
PGP000180,main,2,1,,pending,0,0,0,,,
PGP000181,main,2,1,,pending,0,0,0,,,
PGP000182,main,2,1,,pending,0,0,0,,,
PGP000183,main,2,1,,pending,0,0,0,,,
PGP000184,main,2,1,,pending,0,0,0,,,
PGP000185,main,2,1,,pending,0,0,0,,,
PGP000187,main,2,1,,pending,0,0,0,,,
PGP000189,main,2,2,,pending,0,0,0,,,
PGP000190,main,2,1,,pending,0,0,0,,,
PGP000191,main,2,1,,pending,0,0,0,,,
PGP000192,main,2,1,,pending,0,0,0,,,
PGP000193,main,2,5,,pending,0,0,0,,,
PGP000194,main,2,1,,pending,0,0,0,,,
PGP000195,main,2,1,,pending,0,0,0,,,
PGP000196,main,2,2,,pending,0,0,0,,,
PGP000197,main,2,1,,pending,0,0,0,,,
PGP000200,main,2,1,,pending,0,0,0,,,
PGP000201,main,2,3,,pending,0,0,0,,,
PGP000202,main,2,1,,pending,0,0,0,,,
PGP000203,main,2,1,,pending,0,0,0,,,
PGP000204,main,2,2,,pending,0,0,0,,,
PGP000206,main,2,1,,pending,0,0,0,,,
PGP000207,main,2,1,,pending,0,0,0,,,
PGP000212,main,2,2,,pending,0,0,0,,,
PGP000213,main,2,1,,pending,0,0,0,,,
PGP000214,main,2,4,,pending,0,0,0,,,
PGP000216,main,2,1,,pending,0,0,0,,,
PGP000220,main,2,1,,pending,0,0,0,,,
PGP000221,main,2,1,,pending,0,0,0,,,
PGP000222,main,2,1,,pending,0,0,0,,,
PGP000223,main,2,1,,pending,0,0,0,,,
PGP000224,main,2,1,,pending,0,0,0,,,
PGP000225,main,2,1,,pending,0,0,0,,,
PGP000226,main,2,1,,pending,0,0,0,,,
PGP000227,main,2,1,,pending,0,0,0,,,
PGP000228,main,2,1,,pending,0,0,0,,,
PGP000229,main,2,3,,pending,0,0,0,,,
PGP000231,main,2,1,,pending,0,0,0,,,
PGP000232,main,2,1,,pending,0,0,0,,,
PGP000235,main,2,2,,pending,0,0,0,,,
PGP000236,main,2,2,,pending,0,0,0,,,
PGP000238,main,2,4,,pending,0,0,0,,,
PGP000239,main,2,1,,pending,0,0,0,,,
PGP000240,main,2,2,,pending,0,0,0,,,
PGP000241,main,2,1,,pending,0,0,0,,,
PGP000243,main,2,1,,pending,0,0,0,,,
PGP000246,main,2,3,,pending,0,0,0,,,
PGP000250,main,2,1,,pending,0,0,0,,,
PGP000251,main,2,1,,pending,0,0,0,,,
PGP000252,main,2,3,,pending,0,0,0,,,
PGP000253,main,2,1,,pending,0,0,0,,,
PGP000254,main,2,1,,pending,0,0,0,,,
PGP000255,main,2,1,,pending,0,0,0,,,
PGP000256,main,2,1,,pending,0,0,0,,,
PGP000258,main,2,1,,pending,0,0,0,,,
PGP000259,main,2,1,,pending,0,0,0,,,
PGP000260,main,2,1,,pending,0,0,0,,,
PGP000261,main,2,2,,pending,0,0,0,,,
PGP000264,main,2,2,,pending,0,0,0,,,
PGP000265,main,2,1,,pending,0,0,0,,,
PGP000266,main,2,2,,pending,0,0,0,,,
PGP000267,main,2,1,,pending,0,0,0,,,
PGP000268,main,2,1,,pending,0,0,0,,,
PGP000269,main,2,1,,pending,0,0,0,,,
PGP000270,main,2,2,,pending,0,0,0,,,
PGP000271,main,2,5,,pending,0,0,0,,,
PGP000273,main,2,1,,pending,0,0,0,,,
PGP000274,main,2,3,,pending,0,0,0,,,
PGP000275,main,2,1,,pending,0,0,0,,,
PGP000276,main,2,1,,pending,0,0,0,,,
PGP000277,main,2,2,,pending,0,0,0,,,
PGP000278,main,2,1,,pending,0,0,0,,,
PGP000279,main,2,1,,pending,0,0,0,,,
PGP000280,main,2,2,,pending,0,0,0,,,
PGP000282,main,2,1,,pending,0,0,0,,,
PGP000283,main,2,2,,pending,0,0,0,,,
PGP000285,main,2,1,,pending,0,0,0,,,
PGP000286,main,2,1,,pending,0,0,0,,,
PGP000287,main,2,1,,pending,0,0,0,,,
PGP000289,main,2,1,,pending,0,0,0,,,
PGP000291,main,2,1,,pending,0,0,0,,,
PGP000293,main,2,1,,pending,0,0,0,,,
PGP000294,main,2,2,,pending,0,0,0,,,
PGP000296,main,2,1,,pending,0,0,0,,,
PGP000298,main,2,1,,pending,0,0,0,,,
PGP000299,main,2,1,,pending,0,0,0,,,
PGP000300,main,2,1,,pending,0,0,0,,,
PGP000301,main,2,1,,pending,0,0,0,,,
PGP000302,main,2,2,,pending,0,0,0,,,
PGP000303,main,2,2,,pending,0,0,0,,,
PGP000304,main,2,1,,pending,0,0,0,,,
PGP000305,main,2,1,,pending,0,0,0,,,
PGP000307,main,2,2,,pending,0,0,0,,,
PGP000309,main,2,1,,pending,0,0,0,,,
PGP000310,main,2,1,,pending,0,0,0,,,
PGP000312,main,2,2,,pending,0,0,0,,,
PGP000313,main,2,4,,pending,0,0,0,,,
PGP000314,main,2,1,,pending,0,0,0,,,
PGP000318,main,2,1,,pending,0,0,0,,,
PGP000320,main,2,1,,pending,0,0,0,,,
PGP000321,main,2,1,,pending,0,0,0,,,
PGP000323,main,2,1,,pending,0,0,0,,,
PGP000324,main,2,1,,pending,0,0,0,,,
PGP000325,main,2,1,,pending,0,0,0,,,
PGP000326,main,2,1,,pending,0,0,0,,,
PGP000327,main,2,1,,pending,0,0,0,,,
PGP000329,main,2,1,,pending,0,0,0,,,
PGP000331,main,2,1,,pending,0,0,0,,,
PGP000333,main,2,2,,pending,0,0,0,,,
PGP000334,main,2,1,,pending,0,0,0,,,
PGP000335,main,2,1,,pending,0,0,0,,,
PGP000336,main,2,2,,pending,0,0,0,,,
PGP000339,main,2,1,,pending,0,0,0,,,
PGP000341,main,2,1,,pending,0,0,0,,,
PGP000342,main,2,1,,pending,0,0,0,,,
PGP000343,main,2,1,,pending,0,0,0,,,
PGP000344,main,2,3,,pending,0,0,0,,,
PGP000345,main,2,1,,pending,0,0,0,,,
PGP000346,main,2,1,,pending,0,0,0,,,
PGP000347,main,2,1,,pending,0,0,0,,,
PGP000352,main,2,1,,pending,0,0,0,,,
PGP000354,main,2,3,,pending,0,0,0,,,
PGP000357,main,2,1,,pending,0,0,0,,,
PGP000358,main,2,1,,pending,0,0,0,,,
PGP000359,main,2,1,,pending,0,0,0,,,
PGP000361,main,2,1,,pending,0,0,0,,,
PGP000362,main,2,2,,pending,0,0,0,,,
PGP000363,main,2,1,,pending,0,0,0,,,
PGP000366,main,2,4,,pending,0,0,0,,,
PGP000371,main,2,3,,pending,0,0,0,,,
PGP000375,main,2,1,,pending,0,0,0,,,
PGP000379,main,2,4,,pending,0,0,0,,,
PGP000383,main,2,1,,pending,0,0,0,,,
PGP000384,main,2,1,,pending,0,0,0,,,
PGP000387,main,2,1,,pending,0,0,0,,,
PGP000388,main,2,1,,pending,0,0,0,,,
PGP000390,main,2,1,,pending,0,0,0,,,
PGP000391,main,2,3,,pending,0,0,0,,,
PGP000392,main,2,1,,pending,0,0,0,,,
PGP000394,main,2,1,,pending,0,0,0,,,
PGP000395,main,2,1,,pending,0,0,0,,,
PGP000397,main,2,1,,pending,0,0,0,,,
PGP000398,main,2,1,,pending,0,0,0,,,
PGP000399,main,2,1,,pending,0,0,0,,,
PGP000402,main,2,1,,pending,0,0,0,,,
PGP000404,main,2,1,,pending,0,0,0,,,
PGP000407,main,2,1,,pending,0,0,0,,,
PGP000409,main,2,2,,pending,0,0,0,,,
PGP000411,main,2,1,,pending,0,0,0,,,
PGP000412,main,2,2,,pending,0,0,0,,,
PGP000414,main,2,1,,pending,0,0,0,,,
PGP000415,main,2,4,,pending,0,0,0,,,
PGP000416,main,2,1,,pending,0,0,0,,,
PGP000418,main,2,1,,pending,0,0,0,,,
PGP000419,main,2,1,,pending,0,0,0,,,
PGP000420,main,2,1,,pending,0,0,0,,,
PGP000421,main,2,1,,pending,0,0,0,,,
PGP000422,main,2,1,,pending,0,0,0,,,
PGP000424,main,2,1,,pending,0,0,0,,,
PGP000426,main,2,1,,pending,0,0,0,,,
PGP000427,main,2,1,,pending,0,0,0,,,
PGP000428,main,2,1,,pending,0,0,0,,,
PGP000429,main,2,2,,pending,0,0,0,,,
PGP000430,main,2,2,,pending,0,0,0,,,
PGP000431,main,2,5,,pending,0,0,0,,,
PGP000432,main,2,2,,pending,0,0,0,,,
PGP000434,main,2,1,,pending,0,0,0,,,
PGP000435,main,2,1,,pending,0,0,0,,,
PGP000436,main,2,1,,pending,0,0,0,,,
PGP000437,main,2,1,,pending,0,0,0,,,
PGP000439,main,2,1,,pending,0,0,0,,,
PGP000440,main,2,1,,pending,0,0,0,,,
PGP000441,main,2,1,,pending,0,0,0,,,
PGP000444,main,2,3,,pending,0,0,0,,,
PGP000445,main,2,3,,pending,0,0,0,,,
PGP000446,main,2,1,,pending,0,0,0,,,
PGP000447,main,2,1,,pending,0,0,0,,,
PGP000449,main,2,1,,pending,0,0,0,,,
PGP000450,main,2,1,,pending,0,0,0,,,
PGP000453,main,2,1,,pending,0,0,0,,,
PGP000454,main,2,1,,pending,0,0,0,,,
PGP000460,main,2,1,,pending,0,0,0,,,
PGP000462,main,2,3,,pending,0,0,0,,,
PGP000463,main,2,2,,pending,0,0,0,,,
PGP000465,main,2,2,,pending,0,0,0,,,
PGP000466,main,2,3,,pending,0,0,0,,,
PGP000471,main,2,2,,pending,0,0,0,,,
PGP000472,main,2,4,,pending,0,0,0,,,
PGP000473,main,2,1,,pending,0,0,0,,,
PGP000474,main,2,1,,pending,0,0,0,,,
PGP000475,main,2,3,,pending,0,0,0,,,
PGP000478,main,2,2,,pending,0,0,0,,,
PGP000484,main,2,1,,pending,0,0,0,,,
PGP000485,main,2,1,,pending,0,0,0,,,
PGP000486,main,2,1,,pending,0,0,0,,,
PGP000487,main,2,1,,pending,0,0,0,,,
PGP000488,main,2,2,,pending,0,0,0,,,
PGP000490,main,2,1,,pending,0,0,0,,,
PGP000491,main,2,1,,pending,0,0,0,,,
PGP000492,main,2,1,,pending,0,0,0,,,
PGP000493,main,2,4,,pending,0,0,0,,,
PGP000496,main,2,2,,pending,0,0,0,,,
PGP000497,main,2,1,,pending,0,0,0,,,
PGP000498,main,2,1,,pending,0,0,0,,,
PGP000499,main,2,1,,pending,0,0,0,,,
PGP000500,main,2,4,,pending,0,0,0,,,
PGP000507,main,2,1,,pending,0,0,0,,,
PGP000509,main,2,1,,pending,0,0,0,,,
PGP000511,main,2,1,,pending,0,0,0,,,
PGP000512,main,2,2,,pending,0,0,0,,,
PGP000513,main,2,2,,pending,0,0,0,,,
PGP000514,main,2,5,,pending,0,0,0,,,
PGP000515,main,2,1,,pending,0,0,0,,,
PGP000521,main,2,1,,pending,0,0,0,,,
PGP000522,main,2,1,,pending,0,0,0,,,
PGP000523,main,2,1,,pending,0,0,0,,,
PGP000524,main,2,1,,pending,0,0,0,,,
PGP000526,main,2,2,,pending,0,0,0,,,
PGP000527,main,2,3,,pending,0,0,0,,,
PGP000528,main,2,1,,pending,0,0,0,,,
PGP000529,main,2,2,,pending,0,0,0,,,
PGP000531,main,2,4,,pending,0,0,0,,,
PGP000532,main,2,1,,pending,0,0,0,,,
PGP000535,main,2,1,,pending,0,0,0,,,
PGP000538,main,2,1,,pending,0,0,0,,,
PGP000541,main,2,1,,pending,0,0,0,,,
PGP000544,main,2,1,,pending,0,0,0,,,
PGP000545,main,2,2,,pending,0,0,0,,,
PGP000547,main,2,3,,pending,0,0,0,,,
PGP000548,main,2,1,,pending,0,0,0,,,
PGP000549,main,2,1,,pending,0,0,0,,,
PGP000551,main,2,1,,pending,0,0,0,,,
PGP000554,main,2,1,,pending,0,0,0,,,
PGP000555,main,2,1,,pending,0,0,0,,,
PGP000557,main,2,1,,pending,0,0,0,,,
PGP000558,main,2,1,,pending,0,0,0,,,
PGP000559,main,2,1,,pending,0,0,0,,,
PGP000560,main,2,1,,pending,0,0,0,,,
PGP000562,main,2,3,,pending,0,0,0,,,
PGP000563,main,2,4,,pending,0,0,0,,,
PGP000564,main,2,1,,pending,0,0,0,,,
PGP000566,main,2,1,,pending,0,0,0,,,
PGP000567,main,2,2,,pending,0,0,0,,,
PGP000569,main,2,1,,pending,0,0,0,,,
PGP000570,main,2,1,,pending,0,0,0,,,
PGP000571,main,2,1,,pending,0,0,0,,,
PGP000574,main,2,2,,pending,0,0,0,,,
PGP000575,main,2,1,,pending,0,0,0,,,
PGP000576,main,2,3,,pending,0,0,0,,,
PGP000577,main,2,1,,pending,0,0,0,,,
PGP000578,main,2,1,,pending,0,0,0,,,
PGP000579,main,2,1,,pending,0,0,0,,,
PGP000580,main,2,1,,pending,0,0,0,,,
PGP000581,main,2,3,,pending,0,0,0,,,
PGP000582,main,2,2,,pending,0,0,0,,,
PGP000584,main,2,1,,pending,0,0,0,,,
PGP000585,main,2,2,,pending,0,0,0,,,
PGP000590,main,2,1,,pending,0,0,0,,,
PGP000591,main,2,2,,pending,0,0,0,,,
PGP000592,main,2,1,,pending,0,0,0,,,
PGP000594,main,2,1,,pending,0,0,0,,,
PGP000598,main,2,1,,pending,0,0,0,,,
PGP000602,main,2,3,,pending,0,0,0,,,
PGP000603,main,2,2,,pending,0,0,0,,,
PGP000605,main,2,1,,pending,0,0,0,,,
PGP000607,main,2,1,,pending,0,0,0,,,
PGP000608,main,2,2,,pending,0,0,0,,,
PGP000609,main,2,1,,pending,0,0,0,,,
PGP000611,main,2,1,,pending,0,0,0,,,
PGP000612,main,2,3,,pending,0,0,0,,,
PGP000617,main,2,1,,pending,0,0,0,,,
PGP000619,main,2,3,,pending,0,0,0,,,
PGP000620,main,2,3,,pending,0,0,0,,,
PGP000621,main,2,3,,pending,0,0,0,,,
PGP000623,main,2,2,,pending,0,0,0,,,
PGP000624,main,2,1,,pending,0,0,0,,,
PGP000629,main,2,1,,pending,0,0,0,,,
PGP000630,main,2,2,,pending,0,0,0,,,
PGP000631,main,2,1,,pending,0,0,0,,,
PGP000633,main,2,1,,pending,0,0,0,,,
PGP000636,main,2,1,,pending,0,0,0,,,
PGP000638,main,2,1,,pending,0,0,0,,,
PGP000639,main,2,2,,pending,0,0,0,,,
PGP000640,main,2,1,,pending,0,0,0,,,
PGP000641,main,2,1,,pending,0,0,0,,,
PGP000642,main,2,2,,pending,0,0,0,,,
PGP000643,main,2,1,,pending,0,0,0,,,
PGP000645,main,2,1,,pending,0,0,0,,,
PGP000647,main,2,3,,pending,0,0,0,,,
PGP000648,main,2,1,,pending,0,0,0,,,
PGP000652,main,2,1,,pending,0,0,0,,,
PGP000654,main,2,1,,pending,0,0,0,,,
PGP000655,main,2,1,,pending,0,0,0,,,
PGP000656,main,2,1,,pending,0,0,0,,,
PGP000657,main,2,1,,pending,0,0,0,,,
PGP000660,main,2,1,,pending,0,0,0,,,
PGP000661,main,2,1,,pending,0,0,0,,,
PGP000663,main,2,1,,pending,0,0,0,,,
PGP000664,main,2,1,,pending,0,0,0,,,
PGP000666,main,2,1,,pending,0,0,0,,,
PGP000668,main,2,3,,pending,0,0,0,,,
PGP000670,main,2,1,,pending,0,0,0,,,
PGP000671,main,2,1,,pending,0,0,0,,,
PGP000673,main,2,1,,pending,0,0,0,,,
PGP000675,main,2,1,,pending,0,0,0,,,
PGP000676,main,2,1,,pending,0,0,0,,,
PGP000678,main,2,1,,pending,0,0,0,,,
PGP000683,main,2,1,,pending,0,0,0,,,
PGP000684,main,2,2,,pending,0,0,0,,,
PGP000685,main,2,2,,pending,0,0,0,,,
PGP000686,main,2,1,,pending,0,0,0,,,
PGP000689,main,2,1,,pending,0,0,0,,,
PGP000691,main,2,1,,pending,0,0,0,,,
PGP000692,main,2,4,,pending,0,0,0,,,
PGP000694,main,2,3,,pending,0,0,0,,,
PGP000696,main,2,1,,pending,0,0,0,,,
PGP000697,main,2,1,,pending,0,0,0,,,
PGP000702,main,2,1,,pending,0,0,0,,,
PGP000705,main,2,1,,pending,0,0,0,,,
PGP000709,main,2,1,,pending,0,0,0,,,
PGP000712,main,2,1,,pending,0,0,0,,,
PGP000713,main,2,1,,pending,0,0,0,,,
PGP000718,main,2,1,,pending,0,0,0,,,
PGP000719,main,2,1,,pending,0,0,0,,,
PGP000726,main,2,1,,pending,0,0,0,,,
PGP000728,main,2,1,,pending,0,0,0,,,
PGP000729,main,2,4,,pending,0,0,0,,,
PGP000732,main,2,1,,pending,0,0,0,,,
PGP000733,main,2,1,,pending,0,0,0,,,
PGP000734,main,2,2,,pending,0,0,0,,,
PGP000736,main,2,1,,pending,0,0,0,,,
PGP000738,main,2,1,,pending,0,0,0,,,
PGP000739,main,2,4,,pending,0,0,0,,,
PGP000740,main,2,1,,pending,0,0,0,,,
PGP000741,main,2,5,,pending,0,0,0,,,
PGP000743,main,2,3,,pending,0,0,0,,,
PGP000744,main,2,1,,pending,0,0,0,,,
PGP000745,main,2,1,,pending,0,0,0,,,
PGP000746,main,2,1,,pending,0,0,0,,,
PGP000747,main,2,4,,pending,0,0,0,,,
PGP000749,main,2,1,,pending,0,0,0,,,
PGP000750,main,2,3,,pending,0,0,0,,,
PGP000751,main,2,1,,pending,0,0,0,,,
PGP000752,main,2,1,,pending,0,0,0,,,
PGP000755,main,2,1,,pending,0,0,0,,,
PGP000756,main,2,3,,pending,0,0,0,,,
PGP000757,main,2,1,,pending,0,0,0,,,
PGP000761,main,2,1,,pending,0,0,0,,,
PGP000762,main,2,1,,pending,0,0,0,,,
PGP000768,main,2,1,,pending,0,0,0,,,
PGP000769,main,2,1,,pending,0,0,0,,,
PGP000771,main,2,5,,pending,0,0,0,,,
PGP000772,main,2,3,,pending,0,0,0,,,
PGP000777,main,2,1,,pending,0,0,0,,,
PGP000778,main,2,1,,pending,0,0,0,,,
PGP000780,main,2,1,,pending,0,0,0,,,
PGP000781,main,2,3,,pending,0,0,0,,,
PGP000783,main,2,1,,pending,0,0,0,,,
PGP000785,main,2,1,,pending,0,0,0,,,
PGP000789,main,2,1,,pending,0,0,0,,,
PGP000791,main,2,1,,pending,0,0,0,,,
PGP000792,main,2,1,,pending,0,0,0,,,
PGP000793,main,2,1,,pending,0,0,0,,,
PGP000794,main,2,2,,pending,0,0,0,,,
PGP000796,main,2,1,,pending,0,0,0,,,
PGP000797,main,2,1,,pending,0,0,0,,,
PGP000798,main,2,1,,pending,0,0,0,,,
PGP000802,main,2,1,,pending,0,0,0,,,
PGP000803,main,2,1,,pending,0,0,0,,,
PGP000808,main,2,1,,pending,0,0,0,,,
PGP000002,main,3,6,,pending,0,0,0,,,
PGP000051,main,3,26,,pending,0,0,0,,,
PGP000075,main,3,11,,pending,0,0,0,,,
PGP000078,main,3,29,,pending,0,0,0,,,
PGP000081,main,3,6,,pending,0,0,0,,,
PGP000089,main,3,79,,pending,0,0,0,,,
PGP000135,main,3,7,,pending,0,0,0,,,
PGP000230,main,3,12,,pending,0,0,0,,,
PGP000262,main,3,18,,pending,0,0,0,,,
PGP000328,main,3,9,,pending,0,0,0,,,
PGP000364,main,3,21,,pending,0,0,0,,,
PGP000365,main,3,8,,pending,0,0,0,,,
PGP000370,main,3,6,,pending,0,0,0,,,
PGP000382,main,3,6,,pending,0,0,0,,,
PGP000405,main,3,18,,pending,0,0,0,,,
PGP000410,main,3,20,,pending,0,0,0,,,
PGP000413,main,3,14,,pending,0,0,0,,,
PGP000423,main,3,6,,pending,0,0,0,,,
PGP000438,main,3,6,,pending,0,0,0,,,
PGP000448,main,3,8,,pending,0,0,0,,,
PGP000451,main,3,6,,pending,0,0,0,,,
PGP000456,main,3,24,,pending,0,0,0,,,
PGP000461,main,3,10,,pending,0,0,0,,,
PGP000469,main,3,8,,pending,0,0,0,,,
PGP000470,main,3,11,,pending,0,0,0,,,
PGP000489,main,3,82,,pending,0,0,0,,,
PGP000501,main,3,26,,pending,0,0,0,,,
PGP000502,main,3,60,,pending,0,0,0,,,
PGP000503,main,3,6,,pending,0,0,0,,,
PGP000510,main,3,8,,pending,0,0,0,,,
PGP000520,main,3,55,,pending,0,0,0,,,
PGP000546,main,3,60,,pending,0,0,0,,,
PGP000593,main,3,6,,pending,0,0,0,,,
PGP000595,main,3,65,,pending,0,0,0,,,
PGP000596,main,3,8,,pending,0,0,0,,,
PGP000618,main,3,18,,pending,0,0,0,,,
PGP000665,main,3,9,,pending,0,0,0,,,
PGP000672,main,3,6,,pending,0,0,0,,,
PGP000693,main,3,16,,pending,0,0,0,,,
PGP000701,main,3,10,,pending,0,0,0,,,
PGP000703,main,3,20,,pending,0,0,0,,,
PGP000704,main,3,17,,pending,0,0,0,,,
PGP000711,main,3,8,,pending,0,0,0,,,
PGP000723,main,3,26,,pending,0,0,0,,,
PGP000724,main,3,7,,pending,0,0,0,,,
PGP000731,main,3,6,,pending,0,0,0,,,
PGP000742,main,3,6,,pending,0,0,0,,,
PGP000748,main,3,17,,pending,0,0,0,,,
PGP000759,main,3,20,,pending,0,0,0,,,
PGP000760,main,3,6,,pending,0,0,0,,,
PGP000766,main,3,7,,pending,0,0,0,,,
PGP000770,main,3,7,,pending,0,0,0,,,
PGP000773,main,3,25,,pending,0,0,0,,,
PGP000774,main,3,10,,pending,0,0,0,,,
PGP000790,main,3,8,,pending,0,0,0,,,
PGP000118,main,4,302,,pending,0,0,0,,,
PGP000464,main,4,132,,pending,0,0,0,,,
PGP000517,main,4,184,,pending,0,0,0,,,
PGP000561,main,4,252,,pending,0,0,0,,,
PGP000604,main,4,158,,pending,0,0,0,,,
PGP000679,main,4,130,,pending,0,0,0,,,
